{
  "noise_type": "poisson",
  "noise_param": 50.0,
  "train_loss": [
    0.003467083603667561,
    0.0013746098674600944,
    0.001247695266501978,
    0.0012261596396274399,
    0.001180245690047741,
    0.0011398328984505498,
    0.001117285478336271,
    0.001114627753442619,
    0.0011123418497154488,
    0.0010828687609464396
  ],
  "valid_loss": [
    0.0014021822360809893,
    0.0013858906272798776,
    0.0010849296700907872,
    0.0014166821932885796,
    0.0018288014456629754,
    0.001060394334141165,
    0.0009841241927351803,
    0.0010994343413040042,
    0.001642984398175031,
    0.0010339792161248623
  ],
  "valid_psnr": [
    29.028843542099,
    29.25232635116577,
    30.227824728012084,
    29.277524042129517,
    28.11542351913452,
    30.295011415481568,
    30.677639423370362,
    30.118414482116698,
    28.677772455215454,
    30.460797914505005
  ]
}